{"MP Occurrences":{"H":10409,"He":8,"Li":21576,"Be":1186,"B":6363,"C":9069,"N":11422,"O":81887,"F":12067,"Ne":1,"Na":12798,"Mg":19007,"Al":7803,"Si":12756,"P":16814,"S":15341,"Cl":6385,"Ar":2,"K":8034,"Ca":8422,"Sc":2686,"Ti":7721,"V":9703,"Cr":6774,"Mn":13966,"Fe":12889,"Co":11045,"Ni":8293,"Cu":9903,"Zn":6905,"Ga":5076,"Ge":5497,"As":3894,"Se":6509,"Br":3011,"Kr":15,"Rb":4599,"Sr":7297,"Y":5012,"Zr":3847,"Nb":5460,"Mo":5411,"Tc":696,"Ru":2453,"Rh":2512,"Pd":2985,"Ag":4109,"Cd":3396,"In":4400,"Sn":6157,"Sb":5784,"Te":4980,"I":3004,"Xe":157,"Cs":4071,"Ba":8338,"La":5599,"Ce":3271,"Pr":2894,"Nd":3234,"Pm":537,"Sm":2902,"Eu":2431,"Gd":1659,"Tb":2225,"Dy":2318,"Ho":2164,"Er":2208,"Tm":1752,"Yb":2121,"Lu":1634,"Hf":2729,"Ta":3407,"W":5121,"Re":1476,"Os":1229,"Ir":2053,"Pt":2444,"Au":2515,"Hg":2341,"Tl":2998,"Pb":3021,"Bi":4936,"Po":0,"At":0,"Rn":0,"Fr":0,"Ra":0,"Ac":304,"Th":1059,"Pa":286,"U":2439,"Np":410,"Pu":463,"Am":0,"Cm":0,"Bk":0,"Cf":0,"Es":0,"Fm":0,"Md":0,"No":0,"Lr":0,"Rf":0,"Db":0,"Sg":0,"Bh":0,"Hs":0,"Mt":0,"Ds":0,"Rg":0,"Cn":0,"Nh":0,"Fl":0,"Mc":0,"Lv":0,"Ts":0,"Og":0},"CHGNet":{"H":0.0430012742,"He":null,"Li":0.0161985335,"Be":0.0316007733,"B":0.0239766143,"C":0.0199436129,"N":0.0286805993,"O":0.0244812265,"F":0.0303840304,"Ne":null,"Na":0.0191378834,"Mg":0.0183430744,"Al":0.0247750283,"Si":0.0232990221,"P":0.0251389069,"S":0.0257433469,"Cl":0.0323110984,"Ar":null,"K":0.0147461227,"Ca":0.0181736221,"Sc":0.0203334003,"Ti":0.0192934612,"V":0.0240489371,"Cr":0.0246967864,"Mn":0.0294609976,"Fe":0.0263613911,"Co":0.0191214752,"Ni":0.0178477932,"Cu":0.0176527125,"Zn":0.0222466654,"Ga":0.0221620894,"Ge":0.0214149279,"As":0.0239640314,"Se":0.027362455,"Br":0.0330363966,"Kr":null,"Rb":0.0143872831,"Sr":0.0186557001,"Y":0.019948021,"Zr":0.0231310301,"Nb":0.0261459697,"Mo":0.0188468506,"Tc":0.0352830566,"Ru":0.0329643205,"Rh":0.024142527,"Pd":0.0226195078,"Ag":0.0213886371,"Cd":0.0196912816,"In":0.0257850475,"Sn":0.0244729482,"Sb":0.0241039591,"Te":0.0358246097,"I":0.0337770305,"Xe":0.0003333333,"Cs":0.0152308207,"Ba":0.0152338641,"La":0.0184910313,"Ce":0.018076165,"Pr":0.0175700801,"Nd":0.0172691789,"Pm":0.0291958368,"Sm":0.0171948897,"Eu":0.023880599,"Gd":0.0201359351,"Tb":0.0178417166,"Dy":0.0174337541,"Ho":0.0174114385,"Er":0.0177532934,"Tm":0.0180421257,"Yb":0.0186264386,"Lu":0.0189931979,"Hf":0.0255522571,"Ta":0.0322639765,"W":0.0172507193,"Re":0.0236022897,"Os":0.0281978959,"Ir":0.0290111576,"Pt":0.0269548674,"Au":0.025324616,"Hg":0.025550039,"Tl":0.0260951601,"Pb":0.0256976406,"Bi":0.0249710393,"Po":null,"At":null,"Rn":null,"Fr":null,"Ra":null,"Ac":0.0307267378,"Th":0.0213640439,"Pa":0.0219886519,"U":0.02390464,"Np":0.0300087359,"Pu":0.0691281191,"Am":null,"Cm":null,"Bk":null,"Cf":null,"Es":null,"Fm":null,"Md":null,"No":null,"Lr":null,"Rf":null,"Db":null,"Sg":null,"Bh":null,"Hs":null,"Mt":null,"Ds":null,"Rg":null,"Cn":null,"Nh":null,"Fl":null,"Mc":null,"Lv":null,"Ts":null,"Og":null},"M3GNet":{"H":0.0425380211,"He":null,"Li":0.0155352564,"Be":0.0326616636,"B":0.0268125414,"C":0.0219466389,"N":0.0303924079,"O":0.0279174519,"F":0.0303040004,"Ne":null,"Na":0.014488154,"Mg":0.0182144299,"Al":0.0279751765,"Si":0.0268634782,"P":0.0295322166,"S":0.0320739364,"Cl":0.0318822808,"Ar":null,"K":0.0144077752,"Ca":0.0159441783,"Sc":0.0201960249,"Ti":0.0203567072,"V":0.0232319303,"Cr":0.0271017429,"Mn":0.0292918709,"Fe":0.0290135221,"Co":0.0204994126,"Ni":0.0197214898,"Cu":0.0184134966,"Zn":0.0224119996,"Ga":0.0248345282,"Ge":0.025802954,"As":0.028186459,"Se":0.0295733168,"Br":0.0331488138,"Kr":null,"Rb":0.0147626423,"Sr":0.0161168721,"Y":0.0175637805,"Zr":0.0249501963,"Nb":0.030921657,"Mo":0.0210525724,"Tc":0.023744688,"Ru":0.0305795603,"Rh":0.0256837541,"Pd":0.0222157813,"Ag":0.0178437864,"Cd":0.0174321619,"In":0.0227635485,"Sn":0.0273999554,"Sb":0.0245655863,"Te":0.0336719228,"I":0.0320847473,"Xe":0.01,"Cs":0.0160025742,"Ba":0.0155301492,"La":0.0163785531,"Ce":0.0184705153,"Pr":0.0161838022,"Nd":0.0162594419,"Pm":0.0229258646,"Sm":0.016665003,"Eu":0.0204795749,"Gd":0.0186900796,"Tb":0.0170750206,"Dy":0.0176623472,"Ho":0.0172866555,"Er":0.0177058908,"Tm":0.0182527984,"Yb":0.0165234323,"Lu":0.0185920552,"Hf":0.0242852254,"Ta":0.0357620184,"W":0.019733492,"Re":0.0210142055,"Os":0.0274791039,"Ir":0.0297505136,"Pt":0.0285518595,"Au":0.0246400928,"Hg":0.0184091694,"Tl":0.0188375204,"Pb":0.0255683333,"Bi":0.023360239,"Po":null,"At":null,"Rn":null,"Fr":null,"Ra":null,"Ac":0.0271191781,"Th":0.0236393946,"Pa":0.0240240672,"U":0.0242133749,"Np":0.033026466,"Pu":0.0617724678,"Am":null,"Cm":null,"Bk":null,"Cf":null,"Es":null,"Fm":null,"Md":null,"No":null,"Lr":null,"Rf":null,"Db":null,"Sg":null,"Bh":null,"Hs":null,"Mt":null,"Ds":null,"Rg":null,"Cn":null,"Nh":null,"Fl":null,"Mc":null,"Lv":null,"Ts":null,"Og":null},"MEGNet":{"H":0.0690593928,"He":null,"Li":0.0310372606,"Be":0.0453723931,"B":0.0312157112,"C":0.0414693627,"N":0.0695190601,"O":0.062939267,"F":0.1945471018,"Ne":null,"Na":0.0328689299,"Mg":0.0322223413,"Al":0.0358869395,"Si":0.0427448298,"P":0.0416480548,"S":0.059953389,"Cl":0.1459090003,"Ar":null,"K":0.0333193561,"Ca":0.0260992529,"Sc":0.0322055408,"Ti":0.0533356532,"V":0.0748894372,"Cr":0.046695017,"Mn":0.0460480207,"Fe":0.0457296411,"Co":0.0421943971,"Ni":0.0376671933,"Cu":0.0301577465,"Zn":0.0317771731,"Ga":0.0360839032,"Ge":0.0360381601,"As":0.0379637489,"Se":0.0498812778,"Br":0.0495884323,"Kr":null,"Rb":0.0355462303,"Sr":0.0295599044,"Y":0.0327004369,"Zr":0.039995725,"Nb":0.068416623,"Mo":0.0378298435,"Tc":0.0527352055,"Ru":0.0402797895,"Rh":0.036833747,"Pd":0.0380516753,"Ag":0.0310149481,"Cd":0.0280552596,"In":0.0359366304,"Sn":0.0349061535,"Sb":0.0336852818,"Te":0.0503786042,"I":0.0505043185,"Xe":0.1196666667,"Cs":0.0341269639,"Ba":0.0332419993,"La":0.0326207741,"Ce":0.0327330971,"Pr":0.0326355169,"Nd":0.0309709933,"Pm":0.027427829,"Sm":0.0292277845,"Eu":0.0303472736,"Gd":0.032702912,"Tb":0.0321409138,"Dy":0.0311595326,"Ho":0.0310126698,"Er":0.0300502392,"Tm":0.0298866691,"Yb":0.0250608644,"Lu":0.0304193123,"Hf":0.0379598997,"Ta":0.0749275041,"W":0.0284305433,"Re":0.0369556877,"Os":0.0385677468,"Ir":0.0397545976,"Pt":0.0408961633,"Au":0.0367582999,"Hg":0.0327268123,"Tl":0.0338435996,"Pb":0.0372701002,"Bi":0.0334909145,"Po":null,"At":null,"Rn":null,"Fr":null,"Ra":null,"Ac":0.0269706332,"Th":0.0401520457,"Pa":0.0289782223,"U":0.0411168438,"Np":0.045091804,"Pu":0.069890884,"Am":null,"Cm":null,"Bk":null,"Cf":null,"Es":null,"Fm":null,"Md":null,"No":null,"Lr":null,"Rf":null,"Db":null,"Sg":null,"Bh":null,"Hs":null,"Mt":null,"Ds":null,"Rg":null,"Cn":null,"Nh":null,"Fl":null,"Mc":null,"Lv":null,"Ts":null,"Og":null},"CGCNN":{"H":0.0605404497,"He":null,"Li":0.0327171323,"Be":0.0496156162,"B":0.0464037075,"C":0.0484258843,"N":0.0712639669,"O":0.0809506676,"F":0.0842434675,"Ne":null,"Na":0.0281685523,"Mg":0.0339260049,"Al":0.044897678,"Si":0.0573352505,"P":0.0508529587,"S":0.073580752,"Cl":0.064392162,"Ar":null,"K":0.0235773931,"Ca":0.0278026733,"Sc":0.0385908042,"Ti":0.0727073014,"V":0.098237228,"Cr":0.0507376735,"Mn":0.0435982366,"Fe":0.0590788205,"Co":0.0576905418,"Ni":0.0538682108,"Cu":0.0367440918,"Zn":0.0379734861,"Ga":0.0392467552,"Ge":0.0447191028,"As":0.045143191,"Se":0.0574044465,"Br":0.0565466178,"Kr":null,"Rb":0.0242719208,"Sr":0.0257123157,"Y":0.0286831859,"Zr":0.0460629046,"Nb":0.0718916037,"Mo":0.0521865556,"Tc":0.0379844292,"Ru":0.0425682544,"Rh":0.0453742097,"Pd":0.0415637663,"Ag":0.036132675,"Cd":0.0300493006,"In":0.0353232866,"Sn":0.039325717,"Sb":0.0382644235,"Te":0.0531853947,"I":0.0555676812,"Xe":0.0663333333,"Cs":0.0246143181,"Ba":0.0271406703,"La":0.0320657493,"Ce":0.0333071465,"Pr":0.0259691883,"Nd":0.0264255826,"Pm":0.0368059095,"Sm":0.0281504101,"Eu":0.0236944242,"Gd":0.0331523066,"Tb":0.0274178895,"Dy":0.0265285706,"Ho":0.027661548,"Er":0.0272974968,"Tm":0.0284254631,"Yb":0.0258694722,"Lu":0.0284728054,"Hf":0.0414102979,"Ta":0.0887958158,"W":0.0304933728,"Re":0.0317807296,"Os":0.0358453565,"Ir":0.0454257409,"Pt":0.0463733921,